,s,Senario ID,Senario type,RT1,R,sex,age,theta,beta,alpha,beta_s
1,1,12,AGE+GENDER,8.115,1,0,0,0,0,0,3
2,1,10,GENDER,10.381,0,0,0,0,0,0,3
3,1,9,AGE+GENDER,6.549,1,0,0,0,0,0,3
4,1,7,AGE+GENDER,5.532,0,0,0,0,0,0,3
5,1,15,GENDER,5.896,1,0,0,0,0,0,3
6,1,1,GENDER,4.548,1,0,0,0,0,0,3
7,1,2,AGE+GENDER,3.464,1,0,0,0,0,0,3
8,1,4,AGE+GENDER,5.847,1,0,0,0,0,0,3
9,1,14,AGE+GENDER,1.631,0,0,0,0,0,0,3
10,1,13,AGE+GENDER,5.797,0,0,0,0,0,0,3
11,1,12,AGE+GENDER,3.882,1,0,0,0,0,0,3
12,1,1,GENDER,3.531,1,0,0,0,0,0,3
13,1,15,GENDER,4.014,1,0,0,0,0,0,3
14,1,4,AGE+GENDER,1.28,1,0,0,0,0,0,3
15,1,10,GENDER,2.547,0,0,0,0,0,0,3
16,1,14,AGE+GENDER,1.046,0,0,0,0,0,0,3
17,1,7,AGE+GENDER,3.713,0,0,0,0,0,0,3
18,1,2,AGE+GENDER,1.214,1,0,0,0,0,0,3
19,1,13,AGE+GENDER,1.731,0,0,0,0,0,0,3
20,1,9,AGE+GENDER,3.214,1,0,0,0,0,0,3
21,2,13,AGE+GENDER,3.881,0,1,0,1,1,1,1
22,2,10,GENDER,2.699,1,1,0,1,1,1,1
23,2,2,AGE+GENDER,3.098,1,1,0,1,1,1,1
24,2,12,AGE+GENDER,4.264,1,1,0,1,1,1,1
25,2,7,AGE+GENDER,1.782,0,1,0,1,1,1,1
26,2,9,AGE+GENDER,6.947,0,1,0,1,1,1,1
27,2,4,AGE+GENDER,3.865,1,1,0,1,1,1,1
28,2,14,AGE+GENDER,4.431,0,1,0,1,1,1,1
29,2,1,GENDER,2.098,1,1,0,1,1,1,1
30,2,15,GENDER,4.364,1,1,0,1,1,1,1
31,2,7,AGE+GENDER,1.881,0,1,0,1,1,1,1
32,2,14,AGE+GENDER,2.432,0,1,0,1,1,1,1
33,2,13,AGE+GENDER,2.514,0,1,0,1,1,1,1
34,2,15,GENDER,2.631,1,1,0,1,1,1,1
35,2,2,AGE+GENDER,2.815,1,1,0,1,1,1,1
36,2,10,GENDER,2.098,1,1,0,1,1,1,1
37,2,4,AGE+GENDER,3.131,1,1,0,1,1,1,1
38,2,9,AGE+GENDER,1.614,0,1,0,1,1,1,1
39,2,1,GENDER,5.198,1,1,0,1,1,1,1
40,2,12,AGE+GENDER,2.613,1,1,0,1,1,1,1
41,3,9,AGE+GENDER,3.632,1,1,0,1,1,1,3
42,3,13,AGE+GENDER,5.998,1,1,0,1,1,1,3
43,3,4,AGE+GENDER,3.597,0,1,0,1,1,1,3
44,3,12,AGE+GENDER,3.364,0,1,0,1,1,1,3
45,3,10,GENDER,9.73,1,1,0,1,1,1,3
46,3,14,AGE+GENDER,3.747,0,1,0,1,1,1,3
47,3,2,AGE+GENDER,2.998,0,1,0,1,1,1,3
48,3,15,GENDER,2.764,1,1,0,1,1,1,3
49,3,7,AGE+GENDER,3.447,1,1,0,1,1,1,3
50,3,1,GENDER,4.28,1,1,0,1,1,1,3
51,3,7,AGE+GENDER,3.031,1,1,0,1,1,1,3
52,3,15,GENDER,3.481,1,1,0,1,1,1,3
53,3,14,AGE+GENDER,2.913,0,1,0,1,1,1,3
54,3,2,AGE+GENDER,2.297,0,1,0,1,1,1,3
55,3,1,GENDER,3.214,1,1,0,1,1,1,3
56,3,10,GENDER,3.48,1,1,0,1,1,1,3
57,3,13,AGE+GENDER,8.58,1,1,0,1,1,1,3
58,3,9,AGE+GENDER,3.097,1,1,0,1,1,1,3
59,3,12,AGE+GENDER,3.547,0,1,0,1,1,1,3
60,3,4,AGE+GENDER,2.047,0,1,0,1,1,1,3
61,4,10,GENDER,3.931,0,0,0,1,1,1,3
62,4,15,GENDER,2.098,0,0,0,1,1,1,3
63,4,2,AGE+GENDER,4.348,0,0,0,1,1,1,3
64,4,13,AGE+GENDER,2.713,1,0,0,1,1,1,3
65,4,4,AGE+GENDER,1.947,1,0,0,1,1,1,3
66,4,7,AGE+GENDER,3.33,0,0,0,1,1,1,3
67,4,12,AGE+GENDER,2.513,1,0,0,1,1,1,3
68,4,1,GENDER,2.281,1,0,0,1,1,1,3
69,4,9,AGE+GENDER,2.831,1,0,0,1,1,1,3
70,4,14,AGE+GENDER,7.465,0,0,0,1,1,1,3
71,4,14,AGE+GENDER,1.281,0,0,0,1,1,1,3
72,4,10,GENDER,4.047,0,0,0,1,1,1,3
73,4,1,GENDER,5.031,1,0,0,1,1,1,3
74,4,15,GENDER,2.047,1,0,0,1,1,1,3
75,4,7,AGE+GENDER,1.531,0,0,0,1,1,1,3
76,4,2,AGE+GENDER,2.629,1,0,0,1,1,1,3
77,4,13,AGE+GENDER,1.48,0,0,0,1,1,1,3
78,4,12,AGE+GENDER,2.097,1,0,0,1,1,1,3
79,4,9,AGE+GENDER,1.914,1,0,0,1,1,1,3
80,4,4,AGE+GENDER,2.281,1,0,0,1,1,1,3
81,5,4,AGE+GENDER,12.581,1,0,0,0,0,0,0
82,5,14,AGE+GENDER,9.614,0,0,0,0,0,0,0
83,5,2,AGE+GENDER,6.198,1,0,0,0,0,0,0
84,5,1,GENDER,11.281,1,0,0,0,0,0,0
85,5,12,AGE+GENDER,8.497,1,0,0,0,0,0,0
86,5,7,AGE+GENDER,8.431,0,0,0,0,0,0,0
87,5,9,AGE+GENDER,13.479,0,0,0,0,0,0,0
88,5,14,AGE+GENDER,11.813,0,0,0,0,0,0,0
89,5,15,GENDER,6.681,0,0,0,0,0,0,0
90,5,13,AGE+GENDER,4.148,0,0,0,0,0,0,0
91,5,2,AGE+GENDER,10.247,1,0,0,0,0,0,0
92,6,1,GENDER,7.148,1,0,1,0,0,1,2
93,6,15,GENDER,7.065,1,0,1,0,0,1,2
94,6,13,AGE+GENDER,6.581,1,0,1,0,0,1,2
95,6,2,AGE+GENDER,2.665,0,0,1,0,0,1,2
96,6,14,AGE+GENDER,7.146,0,0,1,0,0,1,2
97,6,12,AGE+GENDER,3.248,0,0,1,0,0,1,2
98,6,7,AGE+GENDER,2.132,1,0,1,0,0,1,2
99,6,4,AGE+GENDER,8.698,0,0,1,0,0,1,2
100,6,10,GENDER,4.597,1,0,1,0,0,1,2
101,6,9,AGE+GENDER,2.865,1,0,1,0,0,1,2
102,6,10,GENDER,6.248,1,0,1,0,0,1,2
103,6,14,AGE+GENDER,6.964,0,0,1,0,0,1,2
104,6,9,AGE+GENDER,3.897,1,0,1,0,0,1,2
105,6,2,AGE+GENDER,2.381,0,0,1,0,0,1,2
106,6,12,AGE+GENDER,3.565,0,0,1,0,0,1,2
107,6,15,GENDER,2.88,1,0,1,0,0,1,2
108,6,7,AGE+GENDER,3.364,1,0,1,0,0,1,2
109,6,1,GENDER,2.497,1,0,1,0,0,1,2
110,6,4,AGE+GENDER,8.33,0,0,1,0,0,1,2
111,7,12,AGE+GENDER,3.847,1,1,0,1,1,0,2
112,7,9,AGE+GENDER,4.581,1,1,0,1,1,0,2
113,7,7,AGE+GENDER,3.898,0,1,0,1,1,0,2
114,7,13,AGE+GENDER,10.231,0,1,0,1,1,0,2
115,7,2,AGE+GENDER,3.165,1,1,0,1,1,0,2
116,7,1,GENDER,1.714,1,1,0,1,1,0,2
117,7,10,GENDER,3.481,1,1,0,1,1,0,2
118,7,15,GENDER,5.681,0,1,0,1,1,0,2
119,7,14,AGE+GENDER,4.248,0,1,0,1,1,0,2
120,7,4,AGE+GENDER,2.663,0,1,0,1,1,0,2
121,7,10,GENDER,2.631,1,1,0,1,1,0,2
122,7,13,AGE+GENDER,2.98,0,1,0,1,1,0,2
123,7,15,GENDER,4.031,1,1,0,1,1,0,2
124,7,9,AGE+GENDER,2.63,1,1,0,1,1,0,2
125,7,1,GENDER,2.647,1,1,0,1,1,0,2
126,7,7,AGE+GENDER,3.947,0,1,0,1,1,0,2
127,7,12,AGE+GENDER,7.481,1,1,0,1,1,0,2
128,7,14,AGE+GENDER,1.63,0,1,0,1,1,0,2
129,7,2,AGE+GENDER,2.714,1,1,0,1,1,0,2
130,7,4,AGE+GENDER,2.314,0,1,0,1,1,0,2
131,8,10,GENDER,6.216,1,0,1,1,1,1,0
132,8,14,AGE+GENDER,14.632,0,0,1,1,1,1,0
133,8,15,GENDER,5.516,0,0,1,1,1,1,0
134,8,1,GENDER,3.599,1,0,1,1,1,1,0
135,8,12,AGE+GENDER,4.465,1,0,1,1,1,1,0
136,8,7,AGE+GENDER,3.549,1,0,1,1,1,1,0
137,8,9,AGE+GENDER,4.599,1,0,1,1,1,1,0
138,8,13,AGE+GENDER,3.949,0,0,1,1,1,1,0
139,8,4,AGE+GENDER,3.449,0,0,1,1,1,1,0
140,8,2,AGE+GENDER,3.749,0,0,1,1,1,1,0
141,8,12,AGE+GENDER,3.899,1,0,1,1,1,1,0
142,8,9,AGE+GENDER,3.899,1,0,1,1,1,1,0
143,8,14,AGE+GENDER,3.016,0,0,1,1,1,1,0
144,8,7,AGE+GENDER,2.515,1,0,1,1,1,1,0
145,8,13,AGE+GENDER,3.316,0,0,1,1,1,1,0
146,8,15,GENDER,4.733,0,0,1,1,1,1,0
147,8,10,GENDER,3.882,0,0,1,1,1,1,0
148,8,4,AGE+GENDER,4.833,0,0,1,1,1,1,0
149,8,2,AGE+GENDER,3.499,0,0,1,1,1,1,0
150,8,1,GENDER,6.067,1,0,1,1,1,1,0
151,9,10,GENDER,13.998,1,1,0,0,0,0,2
152,9,12,AGE+GENDER,3.866,1,1,0,0,0,0,2
153,9,7,AGE+GENDER,6.881,1,1,0,0,0,0,2
154,9,15,GENDER,5.065,1,1,0,0,0,0,2
155,9,2,AGE+GENDER,7.748,1,1,0,0,0,0,2
156,9,4,AGE+GENDER,3.563,0,1,0,0,0,0,2
157,9,13,AGE+GENDER,8.63,0,1,0,0,0,0,2
158,9,9,AGE+GENDER,10.13,1,1,0,0,0,0,2
159,9,13,AGE+GENDER,3.98,0,1,0,0,0,0,2
160,9,4,AGE+GENDER,4.78,0,1,0,0,0,0,2
161,9,2,AGE+GENDER,5.879,1,1,0,0,0,0,2
162,9,12,AGE+GENDER,6.647,1,1,0,0,0,0,2
163,9,9,AGE+GENDER,2.93,1,1,0,0,0,0,2
164,9,14,AGE+GENDER,4.63,0,1,0,0,0,0,2
165,9,1,GENDER,3.23,1,1,0,0,0,0,2
166,9,10,GENDER,3.08,1,1,0,0,0,0,2
167,9,7,AGE+GENDER,13.396,0,1,0,0,0,0,2
168,10,4,AGE+GENDER,6.347,0,0,1,1,1,1,2
169,10,2,AGE+GENDER,4.915,1,0,1,1,1,1,2
170,10,15,GENDER,4.698,1,0,1,1,1,1,2
171,10,12,AGE+GENDER,6.797,0,0,1,1,1,1,2
172,10,1,GENDER,3.847,1,0,1,1,1,1,2
173,10,7,AGE+GENDER,3.697,1,0,1,1,1,1,2
174,10,13,AGE+GENDER,3.798,1,0,1,1,1,1,2
175,10,10,GENDER,3.965,1,0,1,1,1,1,2
176,10,2,AGE+GENDER,4.231,0,0,1,1,1,1,2
177,10,14,AGE+GENDER,4.414,0,0,1,1,1,1,2
178,10,10,GENDER,4.131,1,0,1,1,1,1,2
179,10,15,GENDER,10.848,0,0,1,1,1,1,2
180,10,13,AGE+GENDER,2.247,1,0,1,1,1,1,2
181,10,12,AGE+GENDER,3.347,0,0,1,1,1,1,2
182,10,7,AGE+GENDER,2.03,1,0,1,1,1,1,2
183,10,1,GENDER,3.68,0,0,1,1,1,1,2
184,10,4,AGE+GENDER,4.596,0,0,1,1,1,1,2
185,10,9,AGE+GENDER,5.763,1,0,1,1,1,1,2
186,11,9,AGE+GENDER,7.614,1,1,0,1,1,1,0
187,11,7,AGE+GENDER,9.981,1,1,0,1,1,1,0
188,11,15,GENDER,5.231,1,1,0,1,1,1,0
189,11,13,AGE+GENDER,4.247,0,1,0,1,1,1,0
190,11,1,GENDER,7.932,1,1,0,1,1,1,0
191,11,4,AGE+GENDER,4.348,0,1,0,1,1,1,0
192,11,12,AGE+GENDER,3.214,1,1,0,1,1,1,0
193,11,14,AGE+GENDER,2.264,0,1,0,1,1,1,0
194,11,10,GENDER,7.331,1,1,0,1,1,1,0
195,11,2,AGE+GENDER,2.014,1,1,0,1,1,1,0
196,11,12,AGE+GENDER,2.931,1,1,0,1,1,1,0
197,11,10,GENDER,3.781,1,1,0,1,1,1,0
198,11,2,AGE+GENDER,3.931,1,1,0,1,1,1,0
199,11,4,AGE+GENDER,4.247,0,1,0,1,1,1,0
200,11,13,AGE+GENDER,2.498,0,1,0,1,1,1,0
201,11,1,GENDER,4.847,1,1,0,1,1,1,0
202,11,14,AGE+GENDER,3.864,0,1,0,1,1,1,0
203,11,9,AGE+GENDER,2.648,1,1,0,1,1,1,0
204,11,7,AGE+GENDER,3.348,1,1,0,1,1,1,0
205,11,15,GENDER,3.763,1,1,0,1,1,1,0
206,12,2,AGE+GENDER,2.398,0,1,0,1,1,0,1
207,12,15,GENDER,12.398,1,1,0,1,1,0,1
208,12,9,AGE+GENDER,3.164,1,1,0,1,1,0,1
209,12,12,AGE+GENDER,3.248,0,1,0,1,1,0,1
210,12,4,AGE+GENDER,4.915,1,1,0,1,1,0,1
211,12,1,GENDER,2.648,1,1,0,1,1,0,1
212,12,10,GENDER,3.998,1,1,0,1,1,0,1
213,12,7,AGE+GENDER,2.882,1,1,0,1,1,0,1
214,12,13,AGE+GENDER,3.28,1,1,0,1,1,0,1
215,12,14,AGE+GENDER,2.431,0,1,0,1,1,0,1
216,12,7,AGE+GENDER,1.964,1,1,0,1,1,0,1
217,12,10,GENDER,3.247,1,1,0,1,1,0,1
218,12,15,GENDER,3.614,1,1,0,1,1,0,1
219,12,2,AGE+GENDER,1.764,0,1,0,1,1,0,1
220,12,12,AGE+GENDER,2.13,0,1,0,1,1,0,1
221,12,14,AGE+GENDER,3.913,0,1,0,1,1,0,1
222,12,4,AGE+GENDER,2.463,1,1,0,1,1,0,1
223,12,1,GENDER,1.413,1,1,0,1,1,0,1
224,12,9,AGE+GENDER,1.914,1,1,0,1,1,0,1
225,12,13,AGE+GENDER,2.181,1,1,0,1,1,0,1
226,13,4,AGE+GENDER,8.766,1,1,1,0,0,1,2
227,13,14,AGE+GENDER,5.198,0,1,1,0,0,1,2
228,13,7,AGE+GENDER,4.031,0,1,1,0,0,1,2
229,13,12,AGE+GENDER,6.915,0,1,1,0,0,1,2
230,13,2,AGE+GENDER,5.848,1,1,1,0,0,1,2
231,13,10,GENDER,3.648,1,1,1,0,0,1,2
232,13,13,AGE+GENDER,4.165,1,1,1,0,0,1,2
233,13,9,AGE+GENDER,3.915,0,1,1,0,0,1,2
234,13,15,GENDER,5.098,1,1,1,0,0,1,2
235,13,1,GENDER,5.648,1,1,1,0,0,1,2
236,13,4,AGE+GENDER,5.914,1,1,1,0,0,1,2
237,13,1,GENDER,5.248,0,1,1,0,0,1,2
238,13,2,AGE+GENDER,5.081,0,1,1,0,0,1,2
239,13,15,GENDER,3.031,0,1,1,0,0,1,2
240,13,7,AGE+GENDER,2.097,0,1,1,0,0,1,2
241,13,14,AGE+GENDER,1.78,0,1,1,0,0,1,2
242,13,10,GENDER,1.565,0,1,1,0,0,1,2
243,13,9,AGE+GENDER,1.514,0,1,1,0,0,1,2
244,13,12,AGE+GENDER,2.031,0,1,1,0,0,1,2
245,13,13,AGE+GENDER,2.398,0,1,1,0,0,1,2
246,14,1,GENDER,8.165,1,1,0,0,0,0,
247,14,2,AGE+GENDER,3.115,1,1,0,0,0,0,
248,14,14,AGE+GENDER,5.332,0,1,0,0,0,0,
249,14,13,AGE+GENDER,14.332,0,1,0,0,0,0,
250,14,15,GENDER,2.532,1,1,0,0,0,0,
251,14,9,AGE+GENDER,3.916,0,1,0,0,0,0,
252,14,7,AGE+GENDER,3.465,0,1,0,0,0,0,
253,14,4,AGE+GENDER,5.449,1,1,0,0,0,0,
254,14,12,AGE+GENDER,2.466,1,1,0,0,0,0,
255,14,10,GENDER,4.032,1,1,0,0,0,0,
256,14,15,GENDER,5.432,1,1,0,0,0,0,
257,14,13,AGE+GENDER,2.548,0,1,0,0,0,0,
258,14,4,AGE+GENDER,3.116,1,1,0,0,0,0,
259,14,7,AGE+GENDER,1.465,0,1,0,0,0,0,
260,14,10,GENDER,2.515,1,1,0,0,0,0,
261,14,14,AGE+GENDER,2.315,0,1,0,0,0,0,
262,14,9,AGE+GENDER,10.183,1,1,0,0,0,0,
263,14,2,AGE+GENDER,2.533,1,1,0,0,0,0,
264,14,1,GENDER,3.149,1,1,0,0,0,0,
265,14,12,AGE+GENDER,1.966,1,1,0,0,0,0,
266,15,10,GENDER,5.064,1,1,0,1,1,0,3
267,15,9,AGE+GENDER,10.497,1,1,0,1,1,0,3
268,15,1,GENDER,9.881,1,1,0,1,1,0,3
269,15,13,AGE+GENDER,4.547,1,1,0,1,1,0,3
270,15,15,GENDER,3.148,1,1,0,1,1,0,3
271,15,12,AGE+GENDER,9.881,0,1,0,1,1,0,3
272,15,4,AGE+GENDER,12.114,0,1,0,1,1,0,3
273,15,14,AGE+GENDER,4.647,0,1,0,1,1,0,3
274,15,15,GENDER,3.064,0,1,0,1,1,0,3
275,15,13,AGE+GENDER,4.248,1,1,0,1,1,0,3
276,15,9,AGE+GENDER,4.164,1,1,0,1,1,0,3
277,15,7,AGE+GENDER,2.248,1,1,0,1,1,0,3
278,15,2,AGE+GENDER,5.346,0,1,0,1,1,0,3
279,15,1,GENDER,5.131,1,1,0,1,1,0,3
280,15,10,GENDER,3.814,1,1,0,1,1,0,3
281,16,13,AGE+GENDER,10.348,1,1,0,0,0,1,1
282,16,12,AGE+GENDER,2.581,1,1,0,0,0,1,1
283,16,7,AGE+GENDER,4.065,1,1,0,0,0,1,1
284,16,9,AGE+GENDER,2.881,1,1,0,0,0,1,1
285,16,14,AGE+GENDER,5.348,0,1,0,0,0,1,1
286,16,15,GENDER,2.897,1,1,0,0,0,1,1
287,16,1,GENDER,3.363,1,1,0,0,0,1,1
288,16,2,AGE+GENDER,2.097,1,1,0,0,0,1,1
289,16,4,AGE+GENDER,6.281,0,1,0,0,0,1,1
290,16,10,GENDER,4.464,1,1,0,0,0,1,1
291,16,14,AGE+GENDER,6.165,0,1,0,0,0,1,1
292,16,13,AGE+GENDER,8.679,1,1,0,0,0,1,1
293,16,12,AGE+GENDER,4.781,1,1,0,0,0,1,1
294,16,1,GENDER,3.364,1,1,0,0,0,1,1
295,16,10,GENDER,3.914,1,1,0,0,0,1,1
296,16,15,GENDER,3.214,1,1,0,0,0,1,1
297,16,4,AGE+GENDER,6.731,0,1,0,0,0,1,1
298,16,9,AGE+GENDER,3.03,1,1,0,0,0,1,1
299,16,7,AGE+GENDER,7.963,1,1,0,0,0,1,1
300,17,9,AGE+GENDER,7.082,1,0,1,1,1,0,3
301,17,4,AGE+GENDER,2.697,0,0,1,1,1,0,3
302,17,10,GENDER,3.131,1,0,1,1,1,0,3
303,17,15,GENDER,2.164,1,0,1,1,1,0,3
304,17,13,AGE+GENDER,2.182,0,0,1,1,1,0,3
305,17,12,AGE+GENDER,1.998,1,0,1,1,1,0,3
306,17,7,AGE+GENDER,2.081,0,0,1,1,1,0,3
307,17,2,AGE+GENDER,1.648,1,0,1,1,1,0,3
308,17,14,AGE+GENDER,1.898,0,0,1,1,1,0,3
309,17,1,GENDER,4.83,1,0,1,1,1,0,3
310,17,15,GENDER,2.58,1,0,1,1,1,0,3
311,17,13,AGE+GENDER,2.598,0,0,1,1,1,0,3
312,17,4,AGE+GENDER,1.348,0,0,1,1,1,0,3
313,17,14,AGE+GENDER,1.881,0,0,1,1,1,0,3
314,17,2,AGE+GENDER,1.764,1,0,1,1,1,0,3
315,17,9,AGE+GENDER,1.747,1,0,1,1,1,0,3
316,17,10,GENDER,1.547,1,0,1,1,1,0,3
317,17,1,GENDER,2.448,1,0,1,1,1,0,3
318,17,12,AGE+GENDER,2.481,1,0,1,1,1,0,3
319,17,7,AGE+GENDER,2.147,0,0,1,1,1,0,3
320,18,10,GENDER,5.981,1,0,0,1,1,1,1
321,18,15,GENDER,12.648,0,0,0,1,1,1,1
322,18,1,GENDER,7.582,1,0,0,1,1,1,1
323,18,12,AGE+GENDER,8.598,1,0,0,1,1,1,1
324,18,4,AGE+GENDER,4.898,0,0,0,1,1,1,1
325,18,13,AGE+GENDER,8.565,0,0,0,1,1,1,1
326,18,9,AGE+GENDER,7.313,1,0,0,1,1,1,1
327,18,2,AGE+GENDER,9.964,1,0,0,1,1,1,1
328,18,14,AGE+GENDER,4.798,0,0,0,1,1,1,1
329,18,4,AGE+GENDER,13.147,0,0,0,1,1,1,1
330,18,9,AGE+GENDER,12.63,1,0,0,1,1,1,1
331,18,15,GENDER,12.33,1,0,0,1,1,1,1
332,18,12,AGE+GENDER,7.481,1,0,0,1,1,1,1
333,18,13,AGE+GENDER,12.598,0,0,0,1,1,1,1
334,18,10,GENDER,6.446,0,0,0,1,1,1,1
335,19,4,AGE+GENDER,3.799,0,0,1,1,1,0,2
336,19,12,AGE+GENDER,9.832,0,0,1,1,1,0,2
337,19,7,AGE+GENDER,4.116,0,0,1,1,1,0,2
338,19,10,GENDER,2.615,1,0,1,1,1,0,2
339,19,2,AGE+GENDER,2.783,1,0,1,1,1,0,2
340,19,9,AGE+GENDER,2.916,0,0,1,1,1,0,2
341,19,15,GENDER,2.532,1,0,1,1,1,0,2
342,19,13,AGE+GENDER,3.316,1,0,1,1,1,0,2
343,19,14,AGE+GENDER,3.832,0,0,1,1,1,0,2
344,19,1,GENDER,2.899,0,0,1,1,1,0,2
345,19,9,AGE+GENDER,2.549,0,0,1,1,1,0,2
346,19,7,AGE+GENDER,1.649,0,0,1,1,1,0,2
347,19,13,AGE+GENDER,2.116,0,0,1,1,1,0,2
348,19,14,AGE+GENDER,4.882,0,0,1,1,1,0,2
349,19,4,AGE+GENDER,1.949,0,0,1,1,1,0,2
350,19,10,GENDER,2.182,1,0,1,1,1,0,2
351,19,15,GENDER,2.015,0,0,1,1,1,0,2
352,19,2,AGE+GENDER,2.049,0,0,1,1,1,0,2
353,19,12,AGE+GENDER,3.332,0,0,1,1,1,0,2
354,20,13,AGE+GENDER,8.247,0,0,1,1,1,0,2
355,20,10,GENDER,8.015,0,0,1,1,1,0,2
356,20,4,AGE+GENDER,6.014,0,0,1,1,1,0,2
357,20,1,GENDER,5.131,1,0,1,1,1,0,2
358,20,7,AGE+GENDER,3.047,0,0,1,1,1,0,2
359,20,15,GENDER,4.347,0,0,1,1,1,0,2
360,20,2,AGE+GENDER,2.148,1,0,1,1,1,0,2
361,20,12,AGE+GENDER,2.998,1,0,1,1,1,0,2
362,20,9,AGE+GENDER,2.715,0,0,1,1,1,0,2
363,20,14,AGE+GENDER,2.415,0,0,1,1,1,0,2
364,20,9,AGE+GENDER,1.547,0,0,1,1,1,0,2
365,20,14,AGE+GENDER,1.798,0,0,1,1,1,0,2
366,20,10,GENDER,1.597,0,0,1,1,1,0,2
367,20,4,AGE+GENDER,3.614,1,0,1,1,1,0,2
368,20,13,AGE+GENDER,2.997,0,0,1,1,1,0,2
369,20,1,GENDER,3.498,0,0,1,1,1,0,2
370,20,2,AGE+GENDER,2.064,1,0,1,1,1,0,2
371,20,7,AGE+GENDER,1.947,0,0,1,1,1,0,2
372,20,12,AGE+GENDER,2.714,1,0,1,1,1,0,2
373,20,15,GENDER,2.997,0,0,1,1,1,0,2
374,21,13,AGE+GENDER,6.598,1,0,0,0,0,0,0
375,21,15,GENDER,7.514,1,0,0,0,0,0,0
376,21,9,AGE+GENDER,3.031,1,0,0,0,0,0,0
377,21,4,AGE+GENDER,5.598,0,0,0,0,0,0,0
378,21,7,AGE+GENDER,8.332,0,0,0,0,0,0,0
379,21,1,GENDER,4.765,1,0,0,0,0,0,0
380,21,2,AGE+GENDER,2.614,1,0,0,0,0,0,0
381,21,14,AGE+GENDER,5.998,0,0,0,0,0,0,0
382,21,12,AGE+GENDER,1.881,1,0,0,0,0,0,0
383,21,10,GENDER,2.331,1,0,0,0,0,0,0
384,21,10,GENDER,3.265,1,0,0,0,0,0,0
385,21,15,GENDER,3.947,1,0,0,0,0,0,0
386,21,12,AGE+GENDER,1.514,1,0,0,0,0,0,0
387,21,7,AGE+GENDER,2.63,0,0,0,0,0,0,0
388,21,4,AGE+GENDER,2.197,0,0,0,0,0,0,0
389,21,1,GENDER,3.597,1,0,0,0,0,0,0
390,21,2,AGE+GENDER,2.081,1,0,0,0,0,0,0
391,21,14,AGE+GENDER,1.93,0,0,0,0,0,0,0
392,21,13,AGE+GENDER,2.014,0,0,0,0,0,0,0
393,21,9,AGE+GENDER,1.497,1,0,0,0,0,0,0
394,22,9,AGE+GENDER,11.748,1,0,1,1,1,1,1
395,22,1,GENDER,7.014,0,0,1,1,1,1,1
396,22,13,AGE+GENDER,4.497,0,0,1,1,1,1,1
397,22,15,GENDER,9.865,1,0,1,1,1,1,1
398,22,10,GENDER,7.346,1,0,1,1,1,1,1
399,22,4,AGE+GENDER,2.082,0,0,1,1,1,1,1
400,22,14,AGE+GENDER,4.498,0,0,1,1,1,1,1
401,22,7,AGE+GENDER,5.415,0,0,1,1,1,1,1
402,22,12,AGE+GENDER,1.731,1,0,1,1,1,1,1
403,22,2,AGE+GENDER,2.848,1,0,1,1,1,1,1
404,22,4,AGE+GENDER,8.282,0,0,1,1,1,1,1
405,22,15,GENDER,8.797,0,0,1,1,1,1,1
406,22,10,GENDER,5.947,0,0,1,1,1,1,1
407,22,7,AGE+GENDER,2.498,0,0,1,1,1,1,1
408,22,14,AGE+GENDER,1.897,0,0,1,1,1,1,1
409,22,1,GENDER,3.348,0,0,1,1,1,1,1
410,22,12,AGE+GENDER,2.281,1,0,1,1,1,1,1
411,22,2,AGE+GENDER,1.814,1,0,1,1,1,1,1
412,22,13,AGE+GENDER,2.329,0,0,1,1,1,1,1
413,22,9,AGE+GENDER,5.462,1,0,1,1,1,1,1
414,23,15,GENDER,7.931,1,0,1,0,0,0,1
415,23,9,AGE+GENDER,6.53,0,0,1,0,0,0,1
416,23,7,AGE+GENDER,2.764,0,0,1,0,0,0,1
417,23,12,AGE+GENDER,3.332,1,0,1,0,0,0,1
418,23,4,AGE+GENDER,2.547,0,0,1,0,0,0,1
419,23,2,AGE+GENDER,2.213,1,0,1,0,0,0,1
420,23,13,AGE+GENDER,2.781,0,0,1,0,0,0,1
421,23,14,AGE+GENDER,3.23,0,0,1,0,0,0,1
422,23,1,GENDER,2.564,0,0,1,0,0,0,1
423,23,10,GENDER,2.964,1,0,1,0,0,0,1
424,23,1,GENDER,4.115,0,0,1,0,0,0,1
425,23,12,AGE+GENDER,3.015,1,0,1,0,0,0,1
426,23,4,AGE+GENDER,3.914,0,0,1,0,0,0,1
427,23,9,AGE+GENDER,5.031,0,0,1,0,0,0,1
428,23,15,GENDER,3.58,0,0,1,0,0,0,1
429,23,2,AGE+GENDER,1.931,1,0,1,0,0,0,1
430,23,13,AGE+GENDER,1.93,0,0,1,0,0,0,1
431,23,7,AGE+GENDER,3.013,0,0,1,0,0,0,1
432,23,14,AGE+GENDER,3.014,0,0,1,0,0,0,1
433,24,4,AGE+GENDER,6.565,0,0,1,0,0,0,1
434,24,10,GENDER,5.698,1,0,1,0,0,0,1
435,24,13,AGE+GENDER,1.798,1,0,1,0,0,0,1
436,24,9,AGE+GENDER,1.565,1,0,1,0,0,0,1
437,24,7,AGE+GENDER,2.031,0,0,1,0,0,0,1
438,24,2,AGE+GENDER,1.198,1,0,1,0,0,0,1
439,24,1,GENDER,2.164,1,0,1,0,0,0,1
440,24,14,AGE+GENDER,2.963,0,0,1,0,0,0,1
441,24,12,AGE+GENDER,2.431,1,0,1,0,0,0,1
442,24,15,GENDER,2.897,1,0,1,0,0,0,1
443,24,9,AGE+GENDER,1.646,1,0,1,0,0,0,1
444,24,2,AGE+GENDER,1.447,1,0,1,0,0,0,1
445,24,15,GENDER,3.765,1,0,1,0,0,0,1
446,24,12,AGE+GENDER,1.83,1,0,1,0,0,0,1
447,24,4,AGE+GENDER,1.864,0,0,1,0,0,0,1
448,24,13,AGE+GENDER,2.097,0,0,1,0,0,0,1
449,24,7,AGE+GENDER,1.563,0,0,1,0,0,0,1
450,24,14,AGE+GENDER,1.697,0,0,1,0,0,0,1
451,24,1,GENDER,1.648,1,0,1,0,0,0,1
452,24,10,GENDER,2.13,1,0,1,0,0,0,1
453,25,15,GENDER,11.931,1,0,1,0,0,0,1
454,25,4,AGE+GENDER,9.648,1,0,1,0,0,0,1
455,25,2,AGE+GENDER,3.249,1,0,1,0,0,0,1
456,25,14,AGE+GENDER,11.981,0,0,1,0,0,0,1
457,25,1,GENDER,4.08,1,0,1,0,0,0,1
458,25,13,AGE+GENDER,2.281,0,0,1,0,0,0,1
459,25,7,AGE+GENDER,3.981,0,0,1,0,0,0,1
460,25,12,AGE+GENDER,4.797,0,0,1,0,0,0,1
461,25,10,GENDER,5.514,1,0,1,0,0,0,1
462,25,15,GENDER,2.598,0,0,1,0,0,0,1
463,25,9,AGE+GENDER,4.948,1,0,1,0,0,0,1
464,25,13,AGE+GENDER,1.981,0,0,1,0,0,0,1
465,25,10,GENDER,2.548,0,0,1,0,0,0,1
466,25,4,AGE+GENDER,3.248,0,0,1,0,0,0,1
467,25,14,AGE+GENDER,3.897,0,0,1,0,0,0,1
468,25,12,AGE+GENDER,3.13,1,0,1,0,0,0,1
469,25,1,GENDER,2.98,0,0,1,0,0,0,1
470,25,7,AGE+GENDER,6.582,1,0,1,0,0,0,1
471,25,2,AGE+GENDER,4.764,0,0,1,0,0,0,1
472,26,7,AGE+GENDER,6.615,1,0,1,1,1,1,2
473,26,14,AGE+GENDER,5.214,0,0,1,1,1,1,2
474,26,4,AGE+GENDER,4.948,0,0,1,1,1,1,2
475,26,10,GENDER,7.498,1,0,1,1,1,1,2
476,26,13,AGE+GENDER,4.131,1,0,1,1,1,1,2
477,26,12,AGE+GENDER,3.398,0,0,1,1,1,1,2
478,26,1,GENDER,4.831,1,0,1,1,1,1,2
479,26,15,GENDER,3.565,1,0,1,1,1,1,2
480,26,2,AGE+GENDER,3.065,0,0,1,1,1,1,2
481,26,9,AGE+GENDER,4.748,1,0,1,1,1,1,2
482,26,1,GENDER,3.581,1,0,1,1,1,1,2
483,26,12,AGE+GENDER,4.548,0,0,1,1,1,1,2
484,26,9,AGE+GENDER,3.047,1,0,1,1,1,1,2
485,26,2,AGE+GENDER,3.647,0,0,1,1,1,1,2
486,26,10,GENDER,4.514,1,0,1,1,1,1,2
487,26,13,AGE+GENDER,3.064,1,0,1,1,1,1,2
488,26,7,AGE+GENDER,2.947,1,0,1,1,1,1,2
489,26,4,AGE+GENDER,3.947,0,0,1,1,1,1,2
490,26,15,GENDER,3.798,1,0,1,1,1,1,2
491,26,14,AGE+GENDER,3.697,0,0,1,1,1,1,2
492,27,4,AGE+GENDER,2.915,0,0,1,0,0,0,0
493,27,9,AGE+GENDER,2.248,1,0,1,0,0,0,0
494,27,1,GENDER,1.915,1,0,1,0,0,0,0
495,27,10,GENDER,2.981,1,0,1,0,0,0,0
496,27,13,AGE+GENDER,2.382,0,0,1,0,0,0,0
497,27,7,AGE+GENDER,3.815,0,0,1,0,0,0,0
498,27,15,GENDER,4.581,1,0,1,0,0,0,0
499,27,2,AGE+GENDER,2.314,1,0,1,0,0,0,0
500,27,14,AGE+GENDER,1.548,0,0,1,0,0,0,0
501,27,12,AGE+GENDER,1.447,1,0,1,0,0,0,0
502,27,15,GENDER,2.365,1,0,1,0,0,0,0
503,27,10,GENDER,2.814,1,0,1,0,0,0,0
504,27,4,AGE+GENDER,3.264,0,0,1,0,0,0,0
505,27,9,AGE+GENDER,3.231,1,0,1,0,0,0,0
506,27,1,GENDER,1.931,1,0,1,0,0,0,0
507,27,2,AGE+GENDER,1.914,1,0,1,0,0,0,0
508,27,13,AGE+GENDER,1.697,0,0,1,0,0,0,0
509,27,12,AGE+GENDER,1.397,1,0,1,0,0,0,0
510,27,14,AGE+GENDER,0.98,0,0,1,0,0,0,0
511,27,7,AGE+GENDER,1.298,0,0,1,0,0,0,0
512,28,7,AGE+GENDER,15.182,1,0,1,1,1,1,3
513,28,13,AGE+GENDER,11.632,1,0,1,1,1,1,3
514,28,9,AGE+GENDER,8.028,1,0,1,1,1,1,3
515,28,1,GENDER,3.947,1,0,1,1,1,1,3
516,28,10,GENDER,3.745,1,0,1,1,1,1,3
517,29,10,GENDER,6.349,1,0,1,0,0,0,0
518,29,9,AGE+GENDER,5.848,1,0,1,0,0,0,0
519,29,7,AGE+GENDER,5.798,1,0,1,0,0,0,0
520,29,14,AGE+GENDER,8.465,0,0,1,0,0,0,0
521,29,12,AGE+GENDER,5.697,1,0,1,0,0,0,0
522,29,1,GENDER,7.564,1,0,1,0,0,0,0
523,29,15,GENDER,7.215,1,0,1,0,0,0,0
524,29,2,AGE+GENDER,5.864,1,0,1,0,0,0,0
525,29,9,AGE+GENDER,5.297,1,0,1,0,0,0,0
526,29,10,GENDER,2.248,1,0,1,0,0,0,0
527,29,7,AGE+GENDER,3.215,1,0,1,0,0,0,0
528,29,15,GENDER,4.281,1,0,1,0,0,0,0
529,29,13,AGE+GENDER,9.715,1,0,1,0,0,0,0
530,29,12,AGE+GENDER,2.548,1,0,1,0,0,0,0
531,29,4,AGE+GENDER,4.815,0,0,1,0,0,0,0
532,29,2,AGE+GENDER,5.864,0,0,1,0,0,0,0
533,29,1,GENDER,3.531,1,0,1,0,0,0,0
534,29,14,AGE+GENDER,2.896,0,0,1,0,0,0,0
535,30,13,AGE+GENDER,10.863,1,0,0,0,0,0,1
536,30,14,AGE+GENDER,6.381,0,0,0,0,0,0,1
537,30,10,GENDER,5.431,1,0,0,0,0,0,1
538,30,15,GENDER,13.53,1,0,0,0,0,0,1
539,30,12,AGE+GENDER,13.348,0,0,0,0,0,0,1
540,30,7,AGE+GENDER,10.881,0,0,0,0,0,0,1
541,30,2,AGE+GENDER,5.564,1,0,0,0,0,0,1
542,30,1,GENDER,5.664,1,0,0,0,0,0,1
543,30,9,AGE+GENDER,2.881,0,0,0,0,0,0,1
544,30,4,AGE+GENDER,5.83,0,0,0,0,0,0,1
545,30,12,AGE+GENDER,2.547,0,0,0,0,0,0,1
546,30,4,AGE+GENDER,5.83,0,0,0,0,0,0,1
547,30,15,GENDER,6.364,0,0,0,0,0,0,1
548,30,9,AGE+GENDER,1.914,0,0,0,0,0,0,1
549,30,10,GENDER,2.664,0,0,0,0,0,0,1
550,30,14,AGE+GENDER,2.163,0,0,0,0,0,0,1
551,30,7,AGE+GENDER,3.713,0,0,0,0,0,0,1
552,30,2,AGE+GENDER,4.198,0,0,0,0,0,0,1
553,30,13,AGE+GENDER,7.681,0,0,0,0,0,0,1
554,30,1,GENDER,2.647,0,0,0,0,0,0,1
555,31,10,GENDER,10.265,1,1,0,1,1,1,3
556,31,2,AGE+GENDER,5.698,1,1,0,1,1,1,3
557,31,7,AGE+GENDER,4.398,0,1,0,1,1,1,3
558,31,12,AGE+GENDER,7.183,1,1,0,1,1,1,3
559,31,9,AGE+GENDER,2.63,1,1,0,1,1,1,3
560,31,13,AGE+GENDER,5.148,0,1,0,1,1,1,3
561,31,4,AGE+GENDER,2.448,0,1,0,1,1,1,3
562,31,15,GENDER,5.699,1,1,0,1,1,1,3
563,31,14,AGE+GENDER,2.347,0,1,0,1,1,1,3
564,31,1,GENDER,8.797,1,1,0,1,1,1,3
565,31,9,AGE+GENDER,6.73,1,1,0,1,1,1,3
566,31,1,GENDER,6.831,1,1,0,1,1,1,3
567,31,14,AGE+GENDER,2.665,0,1,0,1,1,1,3
568,31,13,AGE+GENDER,2.381,0,1,0,1,1,1,3
569,31,4,AGE+GENDER,6.765,0,1,0,1,1,1,3
570,31,10,GENDER,2.848,1,1,0,1,1,1,3
571,31,15,GENDER,6.082,1,1,0,1,1,1,3
572,31,12,AGE+GENDER,2.715,1,1,0,1,1,1,3
573,31,7,AGE+GENDER,2.648,0,1,0,1,1,1,3
574,31,2,AGE+GENDER,3.947,1,1,0,1,1,1,3
575,32,12,AGE+GENDER,10.231,1,1,1,1,1,0,0
576,32,9,AGE+GENDER,4.248,1,1,1,1,1,0,0
577,32,15,GENDER,3.231,0,1,1,1,1,0,0
578,32,7,AGE+GENDER,5.998,1,1,1,1,1,0,0
579,32,1,GENDER,3.215,1,1,1,1,1,0,0
580,32,13,AGE+GENDER,4.714,1,1,1,1,1,0,0
581,32,4,AGE+GENDER,4.248,0,1,1,1,1,0,0
582,32,14,AGE+GENDER,3.298,0,1,1,1,1,0,0
583,32,10,GENDER,5.148,1,1,1,1,1,0,0
584,32,2,AGE+GENDER,11.465,0,1,1,1,1,0,0
585,32,9,AGE+GENDER,2.298,1,1,1,1,1,0,0
586,32,1,GENDER,4.798,1,1,1,1,1,0,0
587,32,4,AGE+GENDER,3.064,0,1,1,1,1,0,0
588,32,12,AGE+GENDER,4.731,1,1,1,1,1,0,0
589,32,2,AGE+GENDER,6.764,0,1,1,1,1,0,0
590,32,15,GENDER,4.614,1,1,1,1,1,0,0
591,32,10,GENDER,5.147,1,1,1,1,1,0,0
592,32,13,AGE+GENDER,3.53,0,1,1,1,1,0,0
593,32,7,AGE+GENDER,3.063,1,1,1,1,1,0,0
594,33,14,AGE+GENDER,5.099,0,1,0,1,1,1,0
595,33,13,AGE+GENDER,3.18,0,1,0,1,1,1,0
596,33,15,GENDER,2.831,1,1,0,1,1,1,0
597,33,4,AGE+GENDER,2.547,0,1,0,1,1,1,0
598,33,12,AGE+GENDER,4.198,1,1,0,1,1,1,0
599,33,1,GENDER,3.915,1,1,0,1,1,1,0
600,33,9,AGE+GENDER,3.714,0,1,0,1,1,1,0
601,33,7,AGE+GENDER,3.648,0,1,0,1,1,1,0
602,33,10,GENDER,5.515,1,1,0,1,1,1,0
603,33,1,GENDER,4.097,0,1,0,1,1,1,0
604,33,2,AGE+GENDER,3.131,1,1,0,1,1,1,0
605,33,13,AGE+GENDER,2.331,0,1,0,1,1,1,0
606,33,14,AGE+GENDER,3.03,0,1,0,1,1,1,0
607,33,4,AGE+GENDER,3.432,0,1,0,1,1,1,0
608,33,12,AGE+GENDER,4.764,0,1,0,1,1,1,0
609,33,9,AGE+GENDER,3.079,0,1,0,1,1,1,0
610,33,10,GENDER,5.631,0,1,0,1,1,1,0
611,33,7,AGE+GENDER,4.447,0,1,0,1,1,1,0
612,33,15,GENDER,3.548,0,1,0,1,1,1,0
613,34,9,AGE+GENDER,6.165,1,1,1,1,1,0,3
614,34,13,AGE+GENDER,7.632,1,1,1,1,1,0,3
615,34,7,AGE+GENDER,3.08,1,1,1,1,1,0,3
616,34,10,GENDER,9.648,1,1,1,1,1,0,3
617,34,15,GENDER,9.881,1,1,1,1,1,0,3
618,34,4,AGE+GENDER,14.131,0,1,1,1,1,0,3
619,34,12,AGE+GENDER,7.715,0,1,1,1,1,0,3
620,34,1,GENDER,4.047,1,1,1,1,1,0,3
621,34,2,AGE+GENDER,4.665,0,1,1,1,1,0,3
622,34,9,AGE+GENDER,9.998,1,1,1,1,1,0,3
623,34,7,AGE+GENDER,5.464,1,1,1,1,1,0,3
624,34,12,AGE+GENDER,3.431,0,1,1,1,1,0,3
625,34,15,GENDER,3.464,1,1,1,1,1,0,3
626,34,14,AGE+GENDER,7.997,0,1,1,1,1,0,3
627,34,13,AGE+GENDER,2.798,1,1,1,1,1,0,3
628,34,10,GENDER,9.531,1,1,1,1,1,0,3
629,34,2,AGE+GENDER,4.197,0,1,1,1,1,0,3
630,34,1,GENDER,9.397,1,1,1,1,1,0,3
631,34,4,AGE+GENDER,5.297,0,1,1,1,1,0,3
632,35,13,AGE+GENDER,13.082,0,1,1,1,1,1,3
633,35,2,AGE+GENDER,5.881,1,1,1,1,1,1,3
634,35,14,AGE+GENDER,9.348,0,1,1,1,1,1,3
635,35,9,AGE+GENDER,3.349,1,1,1,1,1,1,3
636,35,7,AGE+GENDER,6.747,0,1,1,1,1,1,3
637,35,10,GENDER,2.947,1,1,1,1,1,1,3
638,35,12,AGE+GENDER,2.764,1,1,1,1,1,1,3
639,35,1,GENDER,8.115,0,1,1,1,1,1,3
640,35,4,AGE+GENDER,3.148,0,1,1,1,1,1,3
641,35,15,GENDER,7.198,1,1,1,1,1,1,3
642,35,4,AGE+GENDER,5.164,0,1,1,1,1,1,3
643,35,13,AGE+GENDER,3.98,0,1,1,1,1,1,3
644,35,2,AGE+GENDER,2.815,1,1,1,1,1,1,3
645,35,7,AGE+GENDER,2.847,0,1,1,1,1,1,3
646,35,10,GENDER,4.564,1,1,1,1,1,1,3
647,35,12,AGE+GENDER,2.597,1,1,1,1,1,1,3
648,35,9,AGE+GENDER,14.18,1,1,1,1,1,1,3
649,35,15,GENDER,11.914,0,1,1,1,1,1,3
650,35,14,AGE+GENDER,4.647,0,1,1,1,1,1,3
651,35,1,GENDER,4.346,1,1,1,1,1,1,3
652,36,13,AGE+GENDER,2.447,0,1,0,1,1,1,2
653,36,12,AGE+GENDER,4.748,1,1,0,1,1,1,2
654,36,4,AGE+GENDER,6.782,1,1,0,1,1,1,2
655,36,14,AGE+GENDER,4.049,0,1,0,1,1,1,2
656,36,2,AGE+GENDER,3.381,1,1,0,1,1,1,2
657,36,10,GENDER,9.815,0,1,0,1,1,1,2
658,36,7,AGE+GENDER,3.282,1,1,0,1,1,1,2
659,36,9,AGE+GENDER,5.765,1,1,0,1,1,1,2
660,36,1,GENDER,3.665,1,1,0,1,1,1,2
661,36,15,GENDER,3.565,1,1,0,1,1,1,2
662,36,4,AGE+GENDER,3.948,0,1,0,1,1,1,2
663,36,7,AGE+GENDER,9.331,1,1,0,1,1,1,2
664,36,2,AGE+GENDER,5.181,1,1,0,1,1,1,2
665,36,15,GENDER,5.831,1,1,0,1,1,1,2
666,36,10,GENDER,2.615,1,1,0,1,1,1,2
667,36,14,AGE+GENDER,6.796,0,1,0,1,1,1,2
668,36,12,AGE+GENDER,4.064,1,1,0,1,1,1,2
669,36,1,GENDER,10.163,0,1,0,1,1,1,2
670,36,13,AGE+GENDER,9.314,1,1,0,1,1,1,2
671,36,9,AGE+GENDER,7.081,0,1,0,1,1,1,2
672,37,14,AGE+GENDER,6.114,0,1,0,1,1,1,1
673,37,10,GENDER,4.881,1,1,0,1,1,1,1
674,37,7,AGE+GENDER,6.014,1,1,0,1,1,1,1
675,37,12,AGE+GENDER,6.665,0,1,0,1,1,1,1
676,37,13,AGE+GENDER,3.614,1,1,0,1,1,1,1
677,37,9,AGE+GENDER,2.431,1,1,0,1,1,1,1
678,37,15,GENDER,3.032,1,1,0,1,1,1,1
679,37,4,AGE+GENDER,3.582,0,1,0,1,1,1,1
680,37,2,AGE+GENDER,5.964,0,1,0,1,1,1,1
681,37,1,GENDER,2.348,1,1,0,1,1,1,1
682,37,10,GENDER,6.732,1,1,0,1,1,1,1
683,37,13,AGE+GENDER,10.314,1,1,0,1,1,1,1
684,37,9,AGE+GENDER,1.531,1,1,0,1,1,1,1
685,37,14,AGE+GENDER,11.215,0,1,0,1,1,1,1
686,37,12,AGE+GENDER,5.748,1,1,0,1,1,1,1
687,37,2,AGE+GENDER,3.797,0,1,0,1,1,1,1
688,37,4,AGE+GENDER,2.397,0,1,0,1,1,1,1
689,37,1,GENDER,2.329,1,1,0,1,1,1,1
690,37,15,GENDER,4.146,1,1,0,1,1,1,1
691,37,7,AGE+GENDER,2.947,1,1,0,1,1,1,1
692,38,15,GENDER,8.198,0,1,0,1,1,1,2
693,38,1,GENDER,13.964,0,1,0,1,1,1,2
694,38,14,AGE+GENDER,4.398,0,1,0,1,1,1,2
695,38,4,AGE+GENDER,2.981,0,1,0,1,1,1,2
696,38,13,AGE+GENDER,2.931,1,1,0,1,1,1,2
697,38,2,AGE+GENDER,4.265,1,1,0,1,1,1,2
698,38,7,AGE+GENDER,4.498,1,1,0,1,1,1,2
699,38,10,GENDER,4.081,1,1,0,1,1,1,2
700,38,9,AGE+GENDER,4.146,0,1,0,1,1,1,2
701,38,12,AGE+GENDER,6.08,0,1,0,1,1,1,2
702,38,9,AGE+GENDER,3.447,0,1,0,1,1,1,2
703,38,13,AGE+GENDER,2.415,0,1,0,1,1,1,2
704,38,15,GENDER,2.213,0,1,0,1,1,1,2
705,38,12,AGE+GENDER,1.614,0,1,0,1,1,1,2
706,38,1,GENDER,2.931,0,1,0,1,1,1,2
707,38,14,AGE+GENDER,2.314,0,1,0,1,1,1,2
708,38,10,GENDER,2.731,0,1,0,1,1,1,2
709,38,4,AGE+GENDER,2.997,0,1,0,1,1,1,2
710,38,7,AGE+GENDER,1.847,1,1,0,1,1,1,2
711,38,2,AGE+GENDER,2.565,1,1,0,1,1,1,2
712,39,13,AGE+GENDER,8.565,1,1,1,1,1,1,3
713,39,7,AGE+GENDER,5.615,0,1,1,1,1,1,3
714,39,15,GENDER,5.481,1,1,1,1,1,1,3
715,39,12,AGE+GENDER,6.748,0,1,1,1,1,1,3
716,39,14,AGE+GENDER,7.231,0,1,1,1,1,1,3
717,39,9,AGE+GENDER,8.298,0,1,1,1,1,1,3
718,39,1,GENDER,3.897,1,1,1,1,1,1,3
719,39,10,GENDER,5.414,1,1,1,1,1,1,3
720,39,2,AGE+GENDER,2.397,1,1,1,1,1,1,3
721,39,4,AGE+GENDER,4.931,0,1,1,1,1,1,3
722,39,14,AGE+GENDER,4.864,0,1,1,1,1,1,3
723,39,10,GENDER,6.014,0,1,1,1,1,1,3
724,39,15,GENDER,3.131,0,1,1,1,1,1,3
725,39,4,AGE+GENDER,2.665,0,1,1,1,1,1,3
726,39,1,GENDER,3.679,0,1,1,1,1,1,3
727,39,9,AGE+GENDER,2.262,0,1,1,1,1,1,3
728,39,7,AGE+GENDER,2.88,0,1,1,1,1,1,3
729,39,12,AGE+GENDER,6.83,0,1,1,1,1,1,3
730,39,13,AGE+GENDER,6.28,0,1,1,1,1,1,3
731,39,2,AGE+GENDER,4.712,0,1,1,1,1,1,3
732,40,13,AGE+GENDER,4.498,1,1,1,1,1,0,0
733,40,14,AGE+GENDER,5.531,0,1,1,1,1,0,0
734,40,2,AGE+GENDER,3.581,0,1,1,1,1,0,0
735,40,12,AGE+GENDER,4.464,0,1,1,1,1,0,0
736,40,7,AGE+GENDER,2.648,1,1,1,1,1,0,0
737,40,9,AGE+GENDER,2.248,1,1,1,1,1,0,0
738,40,10,GENDER,4.081,1,1,1,1,1,0,0
739,40,1,GENDER,2.496,1,1,1,1,1,0,0
740,40,4,AGE+GENDER,3.598,0,1,1,1,1,0,0
741,40,15,GENDER,9.747,1,1,1,1,1,0,0
742,40,12,AGE+GENDER,2.681,0,1,1,1,1,0,0
743,40,9,AGE+GENDER,1.831,1,1,1,1,1,0,0
744,40,10,GENDER,4.797,1,1,1,1,1,0,0
745,40,4,AGE+GENDER,6.247,0,1,1,1,1,0,0
746,40,15,GENDER,5.38,1,1,1,1,1,0,0
747,40,14,AGE+GENDER,1.913,0,1,1,1,1,0,0
748,40,7,AGE+GENDER,2.814,1,1,1,1,1,0,0
749,40,13,AGE+GENDER,3.163,1,1,1,1,1,0,0
750,40,1,GENDER,1.78,1,1,1,1,1,0,0
751,40,2,AGE+GENDER,2.664,0,1,1,1,1,0,0
